158, 168, 163, 159, 165, 167, 163, 166, 167, 167, 169, 165, 161, 163, 163, 159, 158, 162, 158, 158, 161, 162, 160, 162, 161, 161, 164, 156, 165, 167, 167, 164, 166, 169, 168, 169, 170, 166, 163, 159, 143, 121, 110, 100, 118, 119, 129, 149, 160, 167, 169, 167, 169, 164, 169, 164, 168, 165, 166, 166, 167, 170, 171, 170, 170, 159, 131, 95, 58, 29, 20, 22, 37, 76, 84, 70, 76, 127, 167, 168, 169, 171, 168, 164, 169, 169, 165, 168, 171, 167, 169, 172, 142, 85, 38, 25, 43, 66, 77, 104, 154, 178, 177, 159, 84, 35, 100, 169, 175, 170, 166, 167, 166, 166, 167, 163, 168, 162, 163, 136, 62, 21, 39, 77, 147, 152, 69, 87, 177, 176, 170, 171, 166, 104, 35, 99, 169, 177, 161, 165, 165, 166, 167, 167, 171, 163, 140, 67, 15, 40, 109, 168, 177, 177, 154, 130, 163, 171, 168, 168, 165, 160, 85, 40, 125, 176, 174, 166, 166, 165, 163, 165, 164, 162, 116, 35, 30, 99, 161, 179, 161, 162, 152, 156, 165, 166, 159, 167, 168, 168, 128, 39, 92, 168, 173, 164, 167, 165, 162, 163, 164, 152, 86, 28, 74, 147, 159, 162, 160, 150, 153, 156, 160, 161, 162, 165, 166, 168, 142, 54, 70, 160, 169, 170, 163, 165, 158, 162, 161, 119, 43, 55, 130, 165, 156, 152, 150, 151, 153, 166, 159, 160, 162, 165, 167, 168, 152, 59, 61, 160, 169, 170, 163, 162, 156, 168, 138, 65, 45, 116, 169, 172, 164, 160, 155, 160, 159, 162, 160, 160, 164, 165, 165, 165, 149, 65, 63, 156, 172, 168, 165, 164, 163, 159, 94, 35, 90, 167, 173, 164, 163, 163, 164, 158, 158, 160, 163, 163, 166, 165, 167, 165, 141, 60, 72, 161, 177, 173, 165, 163, 164, 135, 48, 52, 142, 176, 165, 163, 163, 160, 165, 164, 163, 158, 161, 161, 160, 161, 163, 160, 124, 55, 93, 169, 171, 172, 167, 163, 158, 94, 33, 93, 165, 172, 165, 163, 164, 164, 164, 163, 163, 160, 162, 163, 157, 161, 157, 151, 92, 56, 124, 170, 165, 168, 164, 164, 149, 60, 50, 139, 174, 173, 166, 162, 165, 163, 162, 164, 161, 161, 162, 161, 165, 160, 158, 132, 66, 90, 159, 170, 167, 164, 163, 162, 118, 39, 76, 161, 172, 166, 163, 160, 162, 163, 163, 163, 162, 164, 166, 160, 160, 163, 152, 98, 75, 142, 172, 168, 162, 164, 160, 155, 82, 32, 102, 164, 167, 163, 161, 160, 160, 162, 162, 161, 163, 163, 162, 162, 165, 165, 124, 87, 127, 165, 166, 162, 164, 165, 162, 148, 51, 40, 132, 172, 167, 161, 162, 161, 158, 161, 161, 158, 162, 161, 164, 161, 164, 141, 103, 116, 158, 166, 164, 162, 165, 163, 162, 138, 42, 50, 149, 174, 168, 167, 166, 161, 161, 159, 164, 160, 160, 159, 161, 166, 147, 107, 113, 158, 168, 164, 165, 167, 166, 164, 161, 118, 36, 77, 167, 175, 170, 166, 163, 164, 161, 165, 164, 160, 160, 154, 156, 147, 112, 109, 148, 164, 166, 164, 164, 165, 165, 164, 163, 106, 26, 93, 175, 173, 166, 165, 165, 168, 163, 168, 165, 163, 163, 155, 135, 97, 89, 147, 167, 167, 165, 164, 164, 163, 163, 164, 162, 107, 20, 97, 179, 175, 166, 166, 166, 167, 168, 164, 164, 162, 153, 139, 93, 73, 122, 166, 166, 164, 164, 162, 164, 163, 163, 165, 167, 114, 18, 86, 174, 171, 167, 168, 165, 164, 171, 163, 160, 156, 129, 81, 69, 124, 170, 166, 163, 164, 162, 162, 163, 163, 163, 165, 164, 139, 34, 57, 162, 182, 167, 162, 167, 168, 164, 165, 153, 108, 66, 78, 134, 167, 166, 156, 160, 162, 158, 160, 162, 162, 164, 167, 167, 150, 58, 30, 130, 178, 169, 173, 169, 165, 158, 130, 82, 55, 94, 154, 167, 161, 162, 162, 160, 163, 163, 162, 161, 160, 161, 164, 167, 164, 106, 13, 62, 151, 175, 163, 151, 131, 83, 45, 69, 135, 162, 163, 155, 156, 154, 158, 161, 158, 159, 160, 159, 156, 158, 161, 161, 154, 154, 97, 36, 42, 62, 60, 56, 58, 83, 127, 159, 164, 156, 155, 155, 148, 159, 159, 154, 163, 161, 158, 159, 159, 160, 162, 161, 161, 163, 167, 150, 125, 115, 114, 126, 149, 169, 173, 165, 160, 162, 162, 161, 160, 160, 161, 161, 161, 163, 163, 162, 161, 161, 163, 161, 157, 166, 161, 166, 170, 167, 172, 170, 167, 167, 165, 162, 162, 165, 165, 164, 163, 163, 163, 164, 164, 164, 163, 162, 162, 163, 163
159, 160, 158, 158, 159, 159, 158, 157, 159, 160, 158, 157, 158, 158, 158, 157, 156, 156, 158, 158, 158, 156, 157, 157, 158, 157, 157, 156, 159, 160, 158, 159, 157, 158, 156, 158, 158, 158, 158, 158, 158, 158, 157, 158, 157, 160, 152, 158, 159, 158, 157, 158, 159, 156, 157, 158, 159, 159, 158, 158, 158, 158, 157, 158, 158, 160, 160, 158, 158, 158, 161, 158, 157, 155, 151, 157, 161, 159, 158, 157, 158, 156, 158, 158, 159, 159, 158, 157, 159, 158, 159, 157, 158, 156, 159, 157, 160, 159, 159, 156, 151, 115, 66, 162, 157, 159, 162, 159, 155, 158, 157, 157, 154, 155, 156, 151, 153, 152, 152, 155, 147, 160, 150, 157, 147, 153, 144, 144, 104, 34, 62, 81, 141, 154, 153, 150, 152, 149, 154, 153, 159, 159, 158, 159, 159, 158, 160, 158, 159, 157, 159, 153, 149, 145, 130, 89, 72, 37, 162, 163, 164, 156, 158, 158, 158, 155, 157, 156, 158, 159, 157, 158, 158, 159, 161, 162, 156, 158, 158, 146, 106, 83, 131, 155, 142, 35, 165, 162, 158, 157, 156, 155, 157, 158, 156, 156, 157, 159, 160, 157, 159, 154, 160, 157, 147, 144, 111, 58, 107, 169, 152, 161, 121, 44, 164, 159, 159, 157, 157, 157, 156, 157, 156, 155, 157, 160, 160, 161, 154, 153, 149, 139, 96, 55, 107, 156, 157, 164, 152, 154, 100, 68, 161, 158, 158, 157, 158, 157, 157, 155, 154, 154, 156, 157, 159, 155, 149, 139, 96, 63, 116, 158, 160, 160, 154, 157, 162, 149, 76, 110, 160, 160, 154, 157, 155, 156, 157, 156, 155, 155, 161, 157, 153, 149, 120, 67, 117, 161, 155, 157, 157, 154, 155, 155, 153, 143, 52, 147, 155, 157, 158, 156, 155, 155, 156, 155, 156, 156, 156, 160, 139, 85, 102, 164, 156, 159, 152, 153, 155, 152, 155, 154, 150, 131, 45, 164, 156, 153, 154, 154, 153, 154, 154, 154, 154, 154, 156, 154, 127, 160, 152, 154, 149, 151, 151, 156, 154, 152, 154, 151, 155, 108, 61, 168, 156, 151, 156, 156, 154, 154, 154, 153, 153, 152, 156, 156, 156, 153, 155, 150, 148, 151, 149, 152, 154, 154, 153, 154, 154, 91, 79, 166, 158, 151, 154, 153, 154, 154, 153, 155, 155, 155, 156, 154, 152, 153, 154, 151, 157, 149, 152, 153, 152, 152, 154, 154, 146, 73, 100, 159, 150, 155, 154, 152, 152, 153, 153, 153, 153, 153, 152, 151, 152, 153, 154, 155, 154, 150, 151, 154, 155, 155, 155, 156, 145, 54, 129, 160, 150, 150, 150, 152, 152, 154, 155, 154, 154, 153, 153, 156, 154, 152, 151, 152, 154, 149, 150, 153, 154, 156, 155, 154, 136, 47, 148, 156, 153, 149, 153, 154, 154, 154, 154, 152, 153, 153, 153, 154, 155, 156, 154, 153, 152, 152, 150, 151, 151, 151, 154, 149, 115, 63, 159, 157, 156, 153, 155, 154, 153, 151, 149, 152, 151, 151, 152, 153, 156, 153, 152, 153, 153, 151, 149, 147, 151, 151, 153, 147, 82, 90, 161, 151, 151, 153, 151, 149, 152, 151, 150, 151, 150, 149, 153, 152, 154, 155, 155, 153, 154, 153, 152, 151, 152, 153, 152, 144, 55, 120, 159, 153, 152, 151, 151, 150, 153, 149, 149, 150, 152, 151, 148, 150, 152, 151, 150, 152, 153, 149, 148, 147, 150, 150, 142, 142, 40, 136, 146, 146, 146, 144, 148, 145, 149, 148, 148, 146, 151, 148, 157, 156, 157, 157, 154, 154, 158, 156, 154, 156, 154, 157, 150, 139, 43, 154, 153, 155, 152, 152, 151, 153, 153, 154, 154, 154, 155, 154, 159, 157, 155, 157, 156, 155, 157, 155, 154, 156, 156, 157, 156, 130, 70, 158, 156, 155, 154, 154, 155, 155, 155, 156, 155, 157, 154, 155, 157, 155, 154, 157, 157, 155, 156, 156, 155, 155, 154, 158, 152, 120, 96, 160, 156, 155, 155, 154, 156, 154, 154, 154, 154, 153, 155, 155, 156, 156, 157, 157, 155, 157, 156, 156, 156, 155, 157, 157, 155, 121, 107, 162, 155, 156, 155, 157, 155, 154, 155, 153, 152, 155, 155, 154, 156, 156, 157, 159, 158, 154, 157, 156, 156, 157, 154, 158, 156, 130, 124, 154, 156, 157, 154, 155, 154, 155, 155, 154, 154, 153, 153, 154, 157, 157, 158, 156, 157, 156, 156, 157, 156, 156, 158, 156, 159, 153, 140, 156, 157, 156, 155, 156, 153, 155, 155, 155, 154, 154, 155, 156, 157, 157, 158, 157, 156, 157, 157, 159, 158, 158, 158, 156, 154, 158, 152, 158, 154, 156, 154, 154, 152, 154, 155, 154, 155, 154, 154, 155
154, 156, 155, 155, 156, 158, 151, 153, 152, 149, 147, 138, 133, 134, 131, 139, 140, 149, 154, 156, 157, 157, 154, 159, 151, 153, 156, 154, 154, 155, 153, 154, 153, 152, 148, 148, 139, 113, 84, 76, 70, 66, 55, 52, 66, 100, 140, 164, 156, 158, 155, 156, 152, 153, 154, 153, 151, 151, 148, 149, 145, 139, 135, 101, 81, 74, 87, 118, 143, 145, 139, 138, 121, 50, 51, 148, 156, 161, 156, 154, 150, 155, 155, 152, 153, 158, 157, 153, 144, 116, 85, 103, 135, 149, 157, 160, 156, 152, 154, 157, 153, 134, 46, 88, 156, 154, 154, 154, 147, 154, 151, 155, 155, 162, 154, 142, 98, 77, 125, 157, 153, 153, 153, 154, 157, 153, 154, 153, 158, 152, 74, 60, 160, 160, 153, 159, 153, 157, 154, 157, 153, 152, 152, 86, 44, 114, 162, 159, 153, 158, 154, 156, 155, 154, 157, 152, 157, 144, 63, 76, 163, 157, 156, 156, 155, 156, 155, 157, 154, 155, 156, 76, 67, 165, 161, 157, 154, 156, 155, 156, 154, 154, 156, 152, 151, 120, 47, 124, 163, 155, 155, 155, 158, 155, 156, 157, 154, 164, 156, 136, 122, 164, 154, 154, 157, 152, 156, 154, 156, 155, 151, 149, 154, 84, 67, 161, 159, 158, 160, 157, 156, 155, 155, 153, 151, 156, 157, 154, 152, 158, 157, 155, 155, 152, 155, 150, 156, 153, 157, 143, 119, 75, 132, 167, 156, 160, 154, 159, 154, 155, 156, 156, 151, 152, 154, 156, 154, 157, 153, 153, 154, 156, 153, 148, 155, 149, 146, 117, 69, 119, 158, 160, 157, 156, 159, 154, 155, 154, 154, 154, 153, 156, 153, 154, 155, 155, 152, 156, 151, 157, 151, 152, 149, 145, 130, 71, 85, 156, 162, 156, 156, 153, 152, 155, 154, 154, 154, 153, 149, 152, 152, 154, 152, 153, 154, 154, 154, 156, 149, 155, 142, 135, 74, 68, 155, 163, 152, 157, 155, 154, 153, 155, 156, 155, 154, 153, 152, 153, 152, 152, 154, 153, 153, 152, 150, 148, 150, 141, 133, 81, 66, 135, 166, 157, 156, 155, 156, 155, 154, 155, 155, 154, 154, 154, 153, 151, 151, 151, 151, 153, 154, 154, 155, 153, 143, 130, 90, 67, 132, 160, 154, 155, 153, 153, 154, 155, 154, 154, 155, 154, 155, 154, 152, 152, 153, 153, 152, 153, 153, 151, 150, 147, 138, 108, 91, 136, 158, 153, 151, 157, 155, 155, 155, 155, 153, 152, 154, 155, 155, 153, 153, 154, 152, 151, 149, 150, 153, 151, 148, 136, 108, 90, 141, 155, 151, 155, 152, 152, 156, 155, 153, 154, 154, 153, 154, 155, 156, 153, 152, 155, 153, 154, 152, 145, 151, 148, 140, 100, 92, 147, 159, 148, 152, 152, 155, 154, 152, 153, 155, 154, 154, 154, 151, 154, 155, 153, 152, 152, 152, 151, 154, 145, 144, 134, 99, 102, 143, 159, 151, 150, 150, 152, 154, 153, 153, 154, 153, 150, 150, 152, 154, 155, 153, 151, 155, 149, 150, 148, 149, 141, 133, 95, 102, 146, 158, 154, 155, 146, 148, 152, 152, 153, 154, 154, 151, 149, 150, 149, 151, 153, 152, 152, 153, 152, 149, 148, 141, 123, 93, 100, 146, 159, 153, 156, 150, 148, 149, 151, 152, 153, 153, 152, 150, 149, 150, 148, 149, 151, 153, 152, 150, 154, 149, 145, 109, 76, 92, 142, 155, 145, 152, 147, 151, 146, 149, 151, 153, 153, 153, 152, 147, 145, 149, 147, 148, 149, 153, 154, 155, 152, 150, 136, 64, 75, 128, 147, 153, 147, 144, 143, 145, 146, 150, 151, 152, 153, 153, 152, 147, 145, 149, 147, 149, 150, 151, 151, 153, 155, 149, 153, 76, 50, 98, 120, 134, 140, 140, 139, 143, 149, 149, 150, 152, 151, 150, 151, 144, 144, 149, 147, 149, 152, 152, 151, 150, 150, 151, 152, 147, 108, 68, 57, 60, 80, 100, 114, 131, 140, 143, 146, 149, 150, 152, 149, 144, 143, 145, 144, 146, 151, 151, 151, 151, 149, 151, 146, 151, 153, 157, 137, 109, 83, 60, 52, 60, 84, 108, 116, 122, 130, 137, 140, 144, 145, 145, 145, 146, 149, 151, 151, 150, 148, 150, 140, 153, 153, 152, 154, 156, 162, 150, 144, 122, 86, 57, 50, 50, 57, 65, 86, 105, 112, 121, 135, 146, 142, 158, 147, 145, 147, 148, 144, 143, 152, 151, 150, 148, 146, 151, 148, 155, 155, 150, 148, 139, 135, 119, 99, 83, 72, 66, 62, 76, 117, 154, 151, 139, 144, 141, 145, 142, 149, 147, 149, 148, 148, 149, 148, 144, 151, 149, 151, 149, 152, 150, 150, 152, 149, 145, 142, 138, 149, 154, 154
154, 157, 155, 153, 152, 152, 151, 150, 151, 152, 154, 155, 156, 155, 154, 155, 155, 154, 154, 156, 158, 156, 155, 156, 157, 157, 157, 155, 154, 150, 149, 147, 144, 139, 134, 132, 137, 133, 129, 127, 129, 131, 132, 135, 143, 148, 150, 153, 154, 152, 153, 154, 154, 155, 156, 156, 157, 138, 103, 83, 84, 88, 91, 96, 97, 100, 103, 103, 102, 94, 86, 76, 69, 68, 72, 81, 102, 127, 143, 148, 158, 159, 157, 154, 158, 159, 159, 161, 162, 161, 159, 160, 159, 158, 157, 156, 155, 157, 158, 155, 158, 161, 150, 126, 86, 42, 61, 114, 145, 158, 157, 157, 156, 154, 155, 155, 156, 157, 156, 155, 157, 155, 154, 154, 153, 154, 156, 153, 155, 158, 159, 162, 158, 139, 76, 48, 99, 148, 159, 157, 155, 150, 152, 154, 153, 152, 153, 155, 156, 153, 153, 154, 154, 153, 155, 157, 155, 152, 154, 157, 155, 147, 120, 58, 73, 141, 156, 160, 152, 153, 153, 153, 153, 152, 151, 151, 152, 151, 151, 153, 151, 151, 151, 149, 155, 150, 150, 150, 143, 140, 104, 55, 82, 141, 158, 160, 155, 154, 153, 152, 153, 154, 154, 153, 153, 152, 153, 155, 154, 152, 152, 153, 154, 156, 149, 146, 129, 89, 63, 95, 147, 162, 156, 155, 155, 155, 155, 155, 155, 155, 156, 157, 156, 155, 155, 156, 155, 154, 154, 148, 147, 143, 135, 100, 71, 85, 130, 161, 162, 157, 156, 155, 155, 154, 155, 155, 156, 155, 152, 153, 154, 154, 151, 148, 148, 147, 148, 134, 117, 79, 59, 86, 126, 154, 157, 157, 158, 158, 156, 155, 154, 154, 154, 154, 152, 153, 152, 143, 128, 114, 108, 102, 91, 83, 78, 63, 44, 43, 69, 104, 126, 142, 153, 156, 157, 157, 156, 157, 154, 154, 154, 158, 156, 156, 149, 120, 56, 43, 56, 77, 96, 116, 124, 140, 140, 135, 108, 70, 49, 68, 112, 144, 162, 160, 159, 158, 153, 153, 152, 152, 154, 157, 157, 155, 139, 139, 144, 153, 160, 161, 158, 156, 158, 158, 158, 155, 134, 69, 44, 90, 145, 160, 164, 157, 153, 152, 153, 152, 151, 154, 156, 155, 149, 151, 152, 150, 150, 152, 156, 158, 155, 153, 153, 157, 162, 137, 72, 44, 109, 158, 160, 157, 153, 153, 153, 152, 151, 153, 154, 153, 151, 151, 152, 153, 153, 153, 154, 152, 153, 154, 153, 154, 153, 145, 91, 46, 94, 155, 160, 155, 154, 152, 152, 151, 151, 152, 151, 151, 152, 152, 152, 152, 152, 152, 152, 153, 153, 154, 154, 153, 147, 136, 78, 49, 114, 158, 159, 155, 152, 153, 153, 153, 153, 153, 154, 154, 152, 152, 152, 152, 152, 152, 152, 153, 154, 152, 148, 149, 137, 105, 60, 93, 149, 161, 155, 152, 152, 152, 152, 152, 152, 152, 151, 151, 152, 152, 152, 152, 152, 152, 152, 153, 152, 150, 144, 132, 100, 66, 92, 146, 162, 155, 152, 149, 148, 150, 150, 151, 151, 151, 151, 150, 152, 152, 152, 152, 152, 152, 152, 151, 150, 145, 127, 81, 60, 93, 147, 164, 152, 152, 153, 144, 150, 149, 150, 150, 149, 149, 150, 150, 149, 154, 152, 152, 153, 152, 151, 150, 143, 113, 68, 57, 102, 156, 158, 153, 151, 150, 148, 145, 151, 150, 151, 151, 150, 150, 150, 151, 154, 152, 152, 152, 152, 150, 142, 135, 95, 61, 77, 126, 163, 153, 154, 151, 152, 152, 149, 146, 147, 147, 148, 149, 150, 150, 151, 152, 149, 151, 154, 151, 151, 145, 119, 76, 71, 113, 154, 160, 153, 158, 154, 151, 150, 149, 147, 147, 148, 148, 149, 150, 151, 152, 152, 152, 151, 150, 150, 148, 137, 114, 95, 113, 149, 160, 156, 153, 152, 153, 153, 152, 150, 148, 147, 148, 147, 149, 151, 152, 150, 148, 147, 148, 149, 143, 127, 111, 112, 131, 150, 158, 154, 150, 152, 153, 151, 151, 150, 151, 151, 151, 149, 149, 148, 149, 149, 149, 150, 150, 149, 146, 126, 109, 107, 128, 150, 156, 152, 150, 150, 149, 146, 148, 152, 149, 151, 150, 148, 146, 146, 149, 146, 145, 146, 140, 127, 118, 119, 126, 137, 142, 149, 153, 150, 148, 150, 149, 147, 148, 147, 147, 147, 145, 146, 146, 147, 147, 149, 149, 154, 145, 129, 116, 119, 136, 151, 154, 155, 156, 156, 154, 153, 156, 157, 154, 155, 154, 154, 155, 156, 154, 155, 154, 153, 153, 154, 153, 147, 138, 137, 147, 158, 158, 153, 154, 154, 154, 155, 154, 153, 151, 151, 154, 154, 153, 153, 153, 153, 151, 150, 151, 151, 150, 151, 151
155, 154, 155, 154, 153, 153, 154, 154, 155, 155, 154, 155, 156, 155, 155, 155, 155, 154, 154, 147, 155, 150, 151, 137, 89, 78, 140, 160, 155, 154, 155, 155, 154, 153, 154, 154, 153, 154, 155, 155, 154, 153, 154, 154, 154, 154, 150, 149, 144, 130, 86, 59, 107, 157, 157, 155, 153, 153, 154, 153, 152, 154, 153, 155, 152, 155, 154, 155, 153, 153, 153, 152, 155, 153, 145, 129, 91, 64, 114, 153, 158, 156, 153, 153, 153, 154, 153, 153, 152, 154, 152, 152, 151, 154, 153, 155, 153, 153, 153, 149, 145, 125, 85, 62, 116, 158, 155, 154, 152, 152, 154, 153, 153, 152, 152, 152, 152, 154, 151, 153, 151, 153, 151, 150, 146, 142, 132, 120, 80, 70, 116, 157, 153, 151, 151, 151, 151, 149, 148, 149, 153, 153, 154, 156, 152, 153, 155, 157, 151, 154, 151, 150, 143, 120, 78, 71, 125, 160, 158, 155, 153, 152, 153, 153, 153, 153, 153, 153, 153, 154, 151, 153, 152, 151, 151, 149, 149, 142, 142, 116, 74, 79, 133, 162, 155, 155, 152, 154, 154, 153, 154, 154, 153, 153, 153, 153, 154, 153, 152, 152, 152, 150, 150, 146, 140, 104, 70, 86, 140, 161, 155, 154, 155, 147, 146, 148, 153, 156, 154, 154, 154, 153, 154, 154, 153, 153, 151, 153, 150, 146, 137, 98, 65, 104, 147, 160, 154, 149, 151, 147, 126, 95, 108, 153, 155, 154, 153, 153, 153, 153, 152, 152, 151, 150, 149, 146, 136, 102, 72, 104, 150, 157, 153, 155, 149, 148, 152, 143, 75, 73, 156, 158, 157, 151, 158, 155, 155, 154, 154, 154, 149, 147, 137, 113, 74, 101, 150, 159, 153, 156, 153, 153, 147, 148, 150, 129, 61, 90, 161, 155, 155, 158, 153, 154, 148, 150, 151, 154, 149, 139, 108, 68, 126, 163, 155, 154, 153, 153, 153, 150, 149, 149, 151, 114, 49, 116, 161, 156, 156, 156, 149, 144, 136, 131, 126, 129, 144, 107, 55, 122, 164, 153, 158, 154, 152, 152, 153, 153, 152, 150, 148, 98, 47, 130, 158, 154, 152, 143, 139, 120, 87, 69, 80, 115, 143, 84, 49, 137, 150, 150, 147, 150, 149, 151, 151, 148, 148, 150, 140, 74, 54, 138, 147, 131, 113, 82, 71, 93, 135, 158, 157, 155, 150, 109, 42, 94, 130, 141, 145, 143, 141, 143, 144, 142, 143, 141, 120, 50, 48, 87, 75, 87, 121, 148, 158, 160, 153, 152, 155, 152, 145, 148, 132, 90, 62, 69, 81, 90, 94, 99, 93, 79, 69, 64, 55, 36, 81, 143, 158, 158, 152, 150, 150, 148, 151, 152, 151, 149, 148, 148, 145, 152, 152, 144, 139, 136, 132, 130, 136, 145, 150, 151, 118, 48, 104, 159, 153, 153, 152, 151, 152, 152, 151, 150, 150, 149, 149, 148, 147, 147, 148, 146, 144, 147, 145, 144, 144, 145, 148, 146, 103, 47, 116, 155, 154, 154, 154, 152, 152, 152, 150, 148, 148, 148, 148, 149, 147, 149, 150, 149, 149, 147, 144, 146, 146, 145, 151, 149, 93, 54, 137, 155, 152, 153, 152, 152, 153, 152, 150, 149, 149, 148, 145, 145, 145, 147, 147, 146, 147, 146, 145, 146, 146, 146, 149, 146, 93, 55, 135, 149, 151, 149, 151, 152, 150, 148, 148, 147, 146, 145, 149, 151, 150, 150, 149, 148, 149, 149, 148, 150, 149, 149, 152, 149, 96, 61, 142, 154, 151, 154, 154, 152, 153, 151, 151, 151, 151, 151, 151, 151, 152, 152, 151, 150, 150, 151, 150, 151, 151, 151, 153, 155, 112, 65, 137, 156, 154, 153, 151, 153, 154, 151, 152, 151, 151, 151, 151, 151, 151, 151, 151, 150, 150, 150, 151, 151, 151, 151, 150, 154, 126, 62, 131, 157, 153, 150, 150, 151, 150, 151, 153, 152, 151, 152, 152, 151, 150, 150, 150, 150, 149, 150, 151, 151, 151, 151, 151, 152, 134, 69, 123, 157, 155, 151, 153, 154, 152, 151, 152, 151, 150, 151, 151, 151, 149, 149, 151, 150, 150, 150, 150, 150, 150, 149, 151, 152, 150, 91, 114, 154, 152, 150, 151, 151, 150, 150, 151, 151, 150, 150, 150, 151, 150, 150, 151, 151, 150, 150, 150, 150, 151, 152, 152, 155, 155, 113, 105, 153, 152, 152, 151, 150, 151, 149, 149, 150, 150, 150, 149, 150, 149, 151, 150, 150, 149, 149, 149, 149, 150, 151, 151, 151, 155, 141, 112, 149, 152, 151, 150, 150, 150, 150, 151, 151, 150, 149, 150, 148, 148, 150, 151, 151, 150, 151, 149, 151, 151, 150, 151, 151, 153, 151, 151, 152, 150, 151, 150, 149, 149, 149, 151, 150, 150, 151
151, 147, 149, 147, 148, 148, 144, 142, 142, 138, 138, 139, 135, 134, 132, 133, 129, 118, 112, 113, 122, 133, 137, 140, 144, 147, 149, 147, 154, 150, 150, 149, 147, 150, 144, 135, 122, 100, 84, 71, 68, 77, 94, 114, 128, 130, 128, 115, 89, 60, 80, 122, 145, 153, 154, 152, 152, 149, 155, 150, 155, 136, 93, 54, 62, 100, 125, 131, 147, 155, 159, 158, 155, 154, 154, 155, 159, 153, 103, 85, 115, 151, 154, 151, 151, 152, 153, 156, 158, 118, 45, 79, 132, 145, 150, 156, 151, 161, 157, 155, 155, 154, 151, 151, 155, 152, 159, 137, 140, 152, 152, 152, 149, 149, 149, 149, 154, 161, 109, 52, 86, 133, 138, 146, 151, 150, 154, 153, 155, 153, 153, 153, 151, 153, 150, 153, 155, 151, 152, 150, 151, 152, 151, 150, 151, 153, 151, 151, 105, 56, 76, 121, 135, 137, 149, 153, 154, 152, 151, 151, 152, 151, 150, 152, 154, 153, 151, 150, 151, 150, 149, 151, 153, 153, 150, 153, 149, 152, 120, 48, 69, 115, 131, 146, 156, 152, 152, 149, 149, 149, 154, 155, 152, 152, 151, 151, 151, 150, 149, 152, 153, 149, 142, 144, 144, 144, 143, 155, 81, 40, 89, 127, 146, 144, 143, 140, 145, 145, 146, 147, 148, 153, 153, 151, 152, 148, 149, 152, 145, 137, 130, 128, 130, 131, 125, 120, 107, 58, 40, 70, 87, 74, 73, 75, 81, 94, 111, 130, 143, 144, 150, 154, 146, 150, 150, 153, 134, 81, 44, 44, 54, 71, 86, 95, 98, 68, 47, 100, 164, 158, 152, 159, 148, 126, 91, 60, 60, 98, 125, 140, 144, 146, 145, 150, 154, 124, 81, 64, 76, 95, 106, 93, 64, 76, 132, 151, 147, 149, 149, 147, 150, 154, 148, 155, 128, 55, 57, 118, 145, 141, 146, 144, 144, 146, 149, 146, 140, 138, 137, 142, 151, 154, 147, 151, 146, 150, 147, 152, 149, 145, 157, 148, 152, 107, 27, 66, 146, 142, 142, 140, 144, 143, 150, 146, 145, 146, 147, 150, 151, 149, 147, 146, 147, 147, 147, 149, 149, 147, 154, 149, 151, 101, 31, 61, 146, 146, 144, 142, 143, 145, 146, 145, 147, 147, 145, 146, 148, 148, 148, 147, 146, 145, 144, 145, 147, 146, 150, 154, 146, 80, 29, 91, 146, 146, 146, 145, 144, 142, 147, 146, 146, 147, 147, 147, 147, 148, 145, 145, 147, 147, 145, 145, 146, 145, 152, 151, 122, 60, 54, 135, 148, 148, 146, 144, 144, 147, 146, 149, 148, 145, 144, 145, 145, 146, 146, 145, 144, 144, 144, 144, 146, 152, 139, 133, 87, 50, 98, 161, 147, 146, 145, 145, 144, 142, 144, 142, 144, 145, 142, 142, 145, 143, 141, 143, 143, 141, 143, 145, 146, 138, 126, 78, 46, 92, 141, 151, 149, 147, 146, 147, 147, 145, 147, 148, 150, 150, 147, 146, 146, 148, 145, 145, 148, 149, 148, 149, 146, 127, 79, 28, 85, 149, 158, 157, 149, 148, 145, 144, 146, 146, 146, 146, 147, 146, 147, 148, 148, 145, 146, 146, 146, 147, 149, 144, 127, 75, 27, 83, 153, 159, 150, 148, 148, 148, 148, 148, 149, 149, 148, 147, 148, 148, 147, 145, 145, 145, 145, 145, 151, 150, 136, 114, 70, 40, 113, 155, 157, 152, 151, 151, 147, 147, 148, 148, 148, 148, 150, 148, 146, 146, 146, 147, 146, 147, 146, 149, 145, 139, 111, 60, 71, 138, 156, 156, 150, 150, 150, 150, 148, 148, 148, 147, 146, 147, 147, 148, 147, 146, 146, 148, 148, 146, 144, 138, 126, 101, 62, 99, 149, 154, 153, 150, 149, 145, 147, 148, 148, 147, 148, 147, 147, 148, 145, 146, 144, 145, 150, 151, 144, 138, 125, 91, 69, 89, 145, 159, 152, 150, 148, 148, 149, 150, 148, 146, 147, 146, 145, 146, 147, 146, 145, 144, 144, 144, 141, 137, 129, 90, 78, 115, 157, 151, 148, 149, 149, 148, 148, 148, 147, 147, 149, 151, 146, 143, 145, 147, 147, 145, 144, 141, 134, 119, 101, 99, 112, 143, 154, 152, 146, 148, 150, 149, 148, 147, 149, 150, 149, 148, 147, 147, 146, 144, 134, 121, 114, 116, 121, 129, 133, 137, 145, 151, 150, 149, 148, 150, 150, 147, 146, 147, 148, 147, 147, 148, 148, 147, 147, 147, 146, 146, 147, 148, 150, 153, 151, 151, 150, 150, 148, 148, 148, 146, 146, 148, 148, 147, 147, 146, 146, 147, 147, 147, 147, 147, 147, 147, 146, 145, 147, 147, 147, 149, 147, 146, 145, 145, 145, 145, 145, 147, 146, 146, 146, 147, 148, 148, 148, 147, 146, 146, 146, 146, 147, 146
152, 153, 151, 149, 152, 153, 150, 150, 152, 148, 149, 153, 151, 153, 151, 151, 148, 144, 137, 105, 73, 83, 128, 150, 151, 148, 150, 152, 151, 150, 148, 148, 151, 150, 147, 148, 151, 146, 149, 149, 149, 145, 143, 137, 131, 106, 77, 72, 81, 99, 137, 152, 151, 148, 150, 150, 148, 148, 147, 147, 148, 147, 147, 148, 145, 148, 147, 142, 144, 137, 126, 101, 63, 61, 105, 148, 151, 143, 149, 146, 145, 147, 147, 148, 150, 151, 153, 152, 149, 150, 152, 150, 148, 152, 149, 151, 136, 111, 73, 62, 106, 147, 157, 151, 152, 151, 150, 146, 147, 151, 150, 151, 150, 149, 148, 148, 150, 151, 151, 150, 149, 148, 138, 130, 86, 60, 92, 141, 159, 156, 155, 153, 150, 149, 150, 152, 152, 151, 151, 151, 149, 149, 150, 149, 149, 149, 149, 151, 149, 136, 116, 59, 69, 122, 155, 154, 149, 157, 152, 150, 152, 152, 149, 150, 150, 149, 150, 152, 148, 148, 147, 147, 148, 152, 153, 144, 128, 91, 48, 85, 139, 154, 149, 150, 150, 145, 148, 149, 148, 147, 148, 152, 153, 151, 151, 149, 147, 150, 149, 148, 153, 146, 145, 122, 73, 51, 99, 148, 147, 147, 143, 145, 148, 149, 147, 143, 145, 144, 144, 149, 151, 151, 153, 152, 147, 150, 149, 151, 147, 146, 120, 69, 51, 102, 142, 144, 135, 126, 114, 105, 107, 110, 105, 97, 95, 100, 116, 133, 141, 145, 148, 151, 149, 149, 147, 151, 143, 125, 66, 44, 88, 119, 107, 78, 70, 73, 88, 104, 118, 128, 131, 126, 121, 105, 84, 92, 122, 143, 145, 153, 146, 148, 153, 146, 114, 60, 35, 73, 89, 72, 72, 98, 132, 149, 155, 153, 156, 153, 150, 154, 152, 157, 145, 108, 96, 115, 135, 141, 149, 151, 147, 121, 67, 35, 52, 68, 87, 126, 149, 157, 153, 150, 150, 149, 146, 147, 151, 150, 148, 152, 152, 148, 118, 103, 121, 137, 146, 149, 127, 81, 35, 44, 81, 126, 153, 157, 155, 152, 150, 144, 146, 148, 147, 147, 150, 150, 151, 150, 146, 155, 140, 108, 106, 131, 151, 135, 89, 49, 72, 100, 142, 155, 157, 154, 157, 149, 146, 148, 147, 147, 146, 145, 146, 146, 147, 149, 151, 152, 148, 118, 91, 118, 150, 111, 56, 74, 135, 152, 158, 159, 158, 151, 150, 156, 150, 150, 146, 144, 144, 146, 147, 147, 149, 145, 150, 153, 152, 122, 82, 103, 146, 86, 52, 98, 146, 151, 158, 153, 153, 151, 150, 151, 151, 150, 150, 147, 145, 144, 144, 145, 147, 146, 145, 149, 152, 108, 55, 91, 131, 62, 59, 119, 152, 151, 155, 151, 152, 152, 153, 152, 150, 148, 146, 143, 141, 141, 142, 144, 144, 146, 148, 152, 148, 97, 53, 101, 114, 53, 74, 131, 151, 152, 150, 151, 149, 150, 152, 149, 146, 145, 143, 142, 140, 141, 144, 145, 145, 145, 146, 151, 139, 80, 53, 112, 105, 48, 86, 135, 152, 150, 152, 151, 150, 149, 146, 147, 146, 143, 142, 142, 138, 137, 141, 145, 143, 143, 149, 150, 115, 62, 77, 133, 106, 51, 85, 132, 150, 152, 148, 148, 147, 148, 145, 145, 147, 145, 142, 138, 136, 138, 141, 141, 143, 148, 144, 130, 86, 64, 115, 151, 118, 50, 74, 129, 142, 148, 151, 147, 144, 144, 144, 144, 144, 140, 138, 137, 138, 139, 141, 142, 144, 142, 139, 101, 68, 101, 143, 149, 126, 61, 68, 117, 139, 146, 147, 142, 143, 143, 139, 138, 142, 141, 139, 140, 143, 143, 143, 144, 141, 129, 109, 70, 99, 141, 150, 149, 135, 91, 60, 95, 127, 133, 141, 142, 139, 139, 139, 138, 139, 141, 139, 139, 142, 141, 137, 132, 116, 82, 64, 100, 139, 146, 147, 141, 151, 136, 77, 66, 107, 131, 141, 145, 147, 149, 149, 147, 147, 146, 143, 146, 143, 137, 131, 103, 68, 81, 119, 155, 151, 148, 147, 147, 145, 151, 131, 82, 66, 93, 132, 143, 142, 140, 141, 144, 144, 143, 145, 139, 134, 116, 78, 71, 105, 146, 155, 151, 150, 150, 150, 148, 152, 152, 152, 145, 114, 68, 73, 90, 112, 126, 126, 122, 121, 121, 113, 94, 71, 68, 99, 140, 157, 149, 152, 152, 149, 151, 148, 149, 148, 147, 149, 152, 150, 142, 131, 104, 92, 80, 74, 75, 79, 80, 86, 102, 125, 146, 157, 155, 150, 149, 149, 149, 149, 148, 147, 149, 147, 148, 149, 148, 147, 149, 150, 152, 151, 150, 151, 152, 152, 152, 152, 153, 151, 148, 147, 148, 148, 149, 149, 149, 149, 148, 146, 148
150, 151, 151, 152, 151, 151, 152, 150, 150, 150, 150, 151, 151, 151, 149, 151, 151, 150, 153, 152, 151, 150, 149, 150, 150, 148, 146, 147, 149, 150, 151, 151, 151, 151, 151, 150, 150, 151, 151, 151, 151, 153, 151, 148, 146, 148, 150, 149, 150, 145, 146, 143, 141, 139, 142, 146, 149, 149, 149, 148, 148, 149, 150, 149, 148, 149, 149, 147, 144, 147, 146, 145, 145, 144, 143, 138, 133, 129, 121, 110, 102, 96, 112, 135, 145, 146, 145, 144, 140, 139, 142, 140, 138, 137, 137, 134, 132, 126, 121, 113, 103, 91, 82, 72, 67, 72, 76, 83, 79, 58, 67, 130, 145, 140, 128, 126, 126, 123, 121, 119, 111, 98, 82, 71, 66, 68, 71, 78, 91, 106, 117, 136, 141, 147, 141, 134, 103, 52, 93, 145, 147, 110, 75, 65, 70, 71, 73, 78, 88, 99, 116, 134, 145, 153, 154, 155, 154, 154, 155, 154, 153, 151, 138, 108, 54, 83, 146, 157, 149, 148, 143, 141, 145, 148, 146, 145, 151, 153, 151, 150, 149, 148, 149, 150, 151, 151, 151, 153, 150, 141, 115, 64, 90, 144, 157, 149, 149, 149, 151, 154, 151, 149, 150, 151, 151, 150, 149, 148, 148, 149, 149, 148, 151, 152, 150, 146, 134, 100, 65, 95, 146, 159, 152, 150, 147, 147, 146, 150, 150, 149, 151, 151, 149, 149, 148, 147, 148, 148, 149, 149, 153, 153, 146, 122, 79, 60, 107, 151, 158, 153, 150, 150, 148, 148, 151, 149, 149, 149, 147, 148, 148, 150, 150, 148, 149, 148, 149, 151, 149, 140, 117, 77, 70, 124, 155, 157, 153, 153, 153, 152, 149, 149, 149, 147, 147, 147, 146, 147, 147, 149, 148, 147, 150, 153, 147, 151, 142, 109, 65, 76, 136, 154, 155, 147, 151, 150, 150, 150, 149, 148, 147, 147, 150, 150, 148, 148, 148, 149, 148, 148, 149, 144, 148, 139, 111, 68, 87, 147, 156, 154, 149, 153, 149, 149, 150, 150, 149, 148, 149, 147, 148, 149, 147, 149, 149, 151, 150, 149, 151, 150, 135, 103, 65, 104, 152, 155, 151, 150, 149, 146, 150, 149, 149, 150, 147, 147, 150, 148, 147, 149, 149, 146, 146, 149, 148, 149, 151, 131, 92, 63, 114, 154, 157, 153, 151, 150, 148, 152, 149, 150, 150, 150, 147, 147, 147, 147, 148, 149, 149, 151, 144, 150, 147, 146, 120, 82, 68, 121, 156, 153, 147, 149, 149, 150, 149, 148, 147, 150, 149, 149, 146, 147, 147, 147, 148, 149, 149, 149, 152, 145, 139, 115, 70, 68, 120, 161, 153, 152, 154, 149, 150, 151, 151, 149, 148, 150, 150, 149, 146, 146, 147, 147, 148, 150, 150, 150, 148, 137, 108, 64, 73, 132, 157, 149, 152, 151, 147, 149, 150, 151, 151, 150, 148, 148, 148, 148, 145, 148, 148, 148, 148, 149, 149, 142, 134, 101, 66, 87, 145, 154, 154, 152, 150, 148, 152, 149, 149, 148, 148, 149, 150, 150, 150, 150, 144, 148, 148, 145, 148, 149, 146, 130, 95, 60, 93, 144, 154, 151, 148, 147, 146, 146, 149, 148, 149, 149, 148, 148, 149, 150, 148, 147, 144, 147, 148, 150, 146, 146, 135, 94, 61, 97, 144, 153, 145, 147, 146, 146, 146, 146, 147, 147, 147, 147, 147, 148, 149, 151, 150, 149, 146, 147, 149, 145, 145, 137, 97, 58, 88, 149, 153, 147, 143, 146, 145, 146, 144, 144, 144, 146, 147, 147, 147, 149, 151, 149, 148, 148, 143, 145, 146, 143, 144, 109, 56, 74, 140, 153, 150, 145, 150, 145, 144, 144, 144, 144, 145, 146, 147, 149, 149, 150, 150, 152, 150, 148, 145, 142, 149, 147, 124, 69, 59, 127, 153, 143, 147, 143, 146, 143, 144, 145, 145, 144, 144, 143, 145, 148, 149, 150, 151, 150, 150, 146, 142, 144, 145, 138, 88, 56, 113, 153, 150, 147, 150, 145, 145, 142, 144, 144, 144, 142, 142, 145, 147, 149, 150, 149, 149, 147, 147, 144, 141, 143, 145, 121, 61, 90, 147, 150, 148, 146, 143, 145, 143, 142, 142, 142, 142, 141, 141, 142, 144, 147, 149, 150, 150, 148, 148, 145, 141, 141, 148, 110, 63, 113, 148, 148, 149, 146, 144, 145, 144, 143, 141, 140, 141, 142, 143, 146, 147, 147, 148, 148, 148, 147, 148, 146, 139, 137, 145, 124, 75, 119, 147, 147, 143, 145, 145, 141, 142, 141, 140, 141, 142, 142, 142, 144, 145, 144, 145, 146, 149, 146, 147, 145, 138, 141, 137, 147, 133, 142, 146, 146, 145, 147, 145, 143, 145, 142, 141, 141, 142, 142, 142, 144, 143, 144, 144, 144, 144, 145, 145, 143
148, 150, 150, 150, 151, 152, 146, 149, 148, 132, 96, 66, 70, 109, 147, 153, 151, 151, 154, 153, 141, 132, 122, 120, 128, 135, 138, 148, 149, 149, 149, 150, 151, 150, 147, 153, 128, 91, 67, 74, 110, 146, 156, 150, 146, 139, 129, 116, 91, 77, 74, 75, 84, 102, 126, 147, 148, 146, 147, 148, 150, 151, 144, 134, 97, 58, 63, 103, 136, 141, 134, 126, 113, 100, 90, 83, 83, 81, 88, 88, 76, 68, 84, 118, 146, 147, 149, 150, 151, 149, 136, 100, 61, 53, 81, 111, 113, 96, 86, 98, 107, 121, 134, 141, 145, 148, 153, 146, 114, 73, 57, 90, 146, 150, 153, 153, 153, 150, 123, 72, 45, 66, 84, 81, 77, 96, 128, 148, 155, 156, 156, 157, 152, 159, 149, 144, 120, 83, 66, 104, 148, 149, 152, 152, 149, 136, 93, 37, 44, 62, 79, 101, 129, 148, 156, 153, 154, 154, 152, 149, 151, 151, 148, 129, 94, 71, 88, 136, 146, 149, 153, 152, 140, 109, 55, 26, 58, 97, 130, 151, 156, 152, 153, 156, 157, 155, 151, 150, 154, 146, 133, 97, 75, 91, 136, 166, 147, 148, 151, 142, 112, 66, 29, 58, 111, 141, 154, 156, 152, 150, 153, 154, 152, 155, 156, 150, 143, 135, 98, 78, 98, 136, 159, 157, 150, 151, 151, 133, 88, 39, 37, 95, 137, 151, 154, 154, 152, 152, 150, 151, 154, 153, 149, 142, 117, 80, 79, 110, 140, 153, 154, 154, 147, 149, 152, 132, 85, 44, 63, 119, 139, 144, 146, 149, 150, 151, 152, 150, 150, 140, 120, 94, 67, 73, 121, 148, 155, 154, 152, 150, 147, 151, 157, 138, 90, 47, 66, 112, 130, 140, 144, 145, 144, 143, 141, 141, 125, 99, 73, 63, 86, 133, 153, 157, 152, 148, 149, 146, 145, 147, 151, 138, 97, 47, 46, 66, 81, 98, 107, 107, 102, 97, 99, 85, 69, 58, 62, 87, 130, 154, 149, 151, 151, 149, 151, 146, 149, 149, 142, 119, 78, 33, 24, 31, 45, 60, 68, 68, 69, 73, 64, 64, 75, 88, 95, 96, 104, 124, 139, 145, 147, 149, 151, 144, 144, 146, 129, 90, 48, 23, 28, 36, 53, 68, 77, 79, 79, 84, 105, 123, 139, 145, 136, 111, 82, 84, 115, 139, 147, 146, 144, 145, 144, 131, 97, 55, 33, 49, 82, 98, 105, 104, 106, 115, 129, 145, 153, 160, 158, 155, 152, 143, 116, 87, 81, 116, 140, 143, 143, 150, 123, 81, 44, 37, 68, 118, 147, 151, 156, 157, 157, 156, 155, 154, 150, 152, 153, 153, 154, 155, 149, 117, 77, 98, 128, 144, 151, 157, 64, 28, 26, 61, 111, 146, 154, 153, 152, 153, 153, 152, 151, 149, 147, 150, 152, 154, 155, 153, 150, 131, 83, 89, 124, 149, 149, 148, 47, 31, 42, 83, 126, 148, 156, 153, 151, 150, 149, 148, 149, 148, 148, 150, 149, 149, 151, 153, 153, 129, 83, 93, 127, 148, 148, 150, 60, 50, 69, 111, 143, 150, 154, 149, 147, 148, 148, 148, 150, 150, 146, 150, 151, 150, 151, 152, 147, 120, 83, 93, 122, 144, 149, 151, 89, 61, 80, 118, 143, 148, 150, 145, 146, 149, 151, 152, 152, 150, 148, 149, 151, 153, 155, 151, 134, 102, 82, 106, 136, 152, 154, 153, 99, 62, 85, 123, 144, 147, 151, 147, 148, 151, 150, 147, 147, 146, 150, 149, 150, 149, 144, 130, 103, 84, 96, 129, 150, 155, 153, 151, 96, 59, 84, 122, 140, 141, 146, 147, 149, 150, 149, 148, 149, 152, 153, 152, 153, 146, 128, 102, 77, 86, 127, 147, 151, 150, 150, 153, 113, 65, 70, 104, 134, 145, 143, 148, 148, 148, 150, 150, 149, 152, 150, 147, 140, 121, 90, 70, 91, 133, 152, 152, 150, 149, 149, 149, 139, 90, 62, 78, 115, 139, 143, 144, 150, 152, 150, 146, 142, 137, 137, 130, 104, 79, 77, 104, 147, 158, 155, 152, 151, 150, 150, 149, 148, 123, 89, 74, 85, 108, 123, 131, 139, 143, 142, 140, 138, 128, 110, 84, 77, 91, 119, 146, 151, 154, 149, 148, 148, 149, 149, 149, 148, 148, 131, 103, 80, 76, 87, 96, 106, 110, 107, 97, 85, 71, 63, 81, 112, 143, 156, 153, 154, 152, 146, 146, 148, 149, 150, 150, 151, 150, 149, 140, 124, 109, 94, 88, 88, 89, 89, 90, 96, 109, 127, 144, 149, 148, 147, 148, 148, 143, 147, 149, 148, 147, 147, 147, 145, 145, 146, 145, 144, 142, 142, 143, 142, 141, 141, 142, 145, 150, 151, 149, 147, 146, 146, 147, 146, 146, 147, 148, 149, 148, 148, 148
159, 159, 159, 160, 160, 158, 158, 161, 163, 161, 162, 161, 160, 161, 160, 162, 155, 153, 156, 152, 150, 149, 139, 142, 154, 159, 159, 156, 163, 164, 165, 164, 162, 162, 162, 163, 162, 161, 165, 163, 163, 164, 160, 157, 161, 158, 154, 147, 111, 75, 64, 57, 62, 105, 154, 167, 163, 162, 163, 161, 160, 160, 159, 160, 161, 160, 162, 160, 163, 162, 162, 167, 154, 141, 104, 66, 72, 114, 154, 153, 100, 42, 79, 159, 160, 159, 162, 162, 160, 159, 157, 158, 160, 158, 158, 163, 164, 163, 158, 148, 122, 70, 77, 136, 161, 169, 162, 159, 155, 76, 43, 128, 158, 156, 155, 156, 157, 157, 155, 155, 157, 156, 159, 160, 156, 155, 136, 89, 61, 112, 157, 167, 167, 160, 160, 164, 151, 76, 33, 99, 157, 155, 153, 153, 153, 155, 153, 154, 157, 157, 158, 156, 148, 121, 66, 65, 131, 163, 164, 163, 159, 161, 160, 161, 137, 73, 57, 123, 157, 157, 156, 155, 155, 155, 154, 154, 156, 155, 158, 154, 128, 74, 69, 129, 163, 163, 164, 161, 164, 162, 159, 154, 122, 80, 113, 169, 156, 156, 156, 156, 157, 157, 155, 154, 155, 155, 152, 141, 85, 71, 131, 164, 159, 158, 162, 160, 160, 156, 151, 123, 82, 92, 148, 169, 156, 156, 158, 159, 159, 159, 156, 154, 155, 153, 147, 104, 62, 118, 164, 164, 160, 160, 161, 161, 159, 155, 131, 73, 67, 122, 161, 166, 156, 157, 157, 158, 156, 155, 156, 155, 153, 155, 140, 71, 55, 127, 164, 162, 159, 160, 164, 159, 155, 131, 72, 49, 115, 160, 159, 132, 155, 155, 155, 156, 157, 155, 155, 158, 158, 154, 139, 67, 39, 126, 168, 160, 159, 161, 162, 162, 141, 86, 45, 84, 148, 124, 83, 75, 156, 157, 157, 155, 155, 156, 157, 157, 156, 157, 151, 93, 27, 74, 140, 155, 155, 159, 156, 150, 106, 59, 61, 81, 80, 94, 135, 161, 158, 158, 157, 154, 153, 154, 154, 156, 159, 158, 163, 156, 105, 54, 61, 79, 79, 78, 74, 67, 57, 77, 108, 141, 162, 168, 162, 162, 158, 158, 158, 156, 153, 155, 155, 155, 157, 156, 156, 155, 164, 155, 138, 126, 111, 96, 78, 79, 119, 155, 166, 165, 165, 161, 160, 161, 158, 159, 159, 157, 156, 155, 153, 154, 156, 154, 156, 156, 159, 160, 161, 159, 142, 102, 94, 131, 161, 165, 162, 162, 163, 161, 159, 160, 157, 157, 156, 155, 155, 155, 154, 155, 158, 156, 157, 158, 157, 158, 153, 131, 98, 96, 138, 164, 161, 161, 161, 161, 160, 159, 158, 160, 158, 157, 157, 155, 153, 155, 156, 157, 158, 156, 156, 156, 157, 151, 122, 85, 103, 146, 167, 162, 162, 161, 160, 160, 161, 159, 157, 158, 157, 156, 156, 156, 155, 156, 156, 156, 157, 157, 156, 152, 153, 113, 77, 104, 149, 165, 163, 163, 160, 163, 161, 160, 160, 159, 159, 160, 157, 156, 157, 158, 157, 157, 159, 159, 157, 154, 152, 136, 92, 81, 123, 157, 164, 161, 161, 163, 159, 160, 161, 160, 159, 159, 159, 159, 156, 157, 156, 158, 158, 158, 160, 159, 154, 152, 121, 75, 90, 140, 161, 163, 161, 161, 160, 160, 160, 161, 162, 161, 160, 160, 160, 161, 154, 157, 157, 156, 159, 157, 155, 153, 137, 96, 73, 109, 147, 160, 161, 157, 157, 158, 158, 159, 160, 159, 157, 157, 157, 158, 159, 160, 149, 151, 151, 151, 152, 151, 150, 128, 88, 77, 119, 154, 164, 159, 157, 157, 153, 152, 154, 156, 155, 154, 155, 156, 156, 158, 159, 159, 155, 157, 155, 154, 154, 148, 114, 82, 90, 139, 159, 156, 159, 159, 157, 156, 155, 157, 157, 156, 156, 155, 157, 158, 158, 158, 159, 158, 157, 157, 154, 155, 132, 91, 82, 121, 165, 162, 159, 160, 158, 156, 157, 158, 160, 160, 159, 159, 159, 159, 161, 161, 159, 160, 160, 159, 154, 157, 149, 112, 83, 109, 151, 167, 163, 161, 160, 160, 160, 161, 162, 161, 161, 160, 159, 160, 161, 161, 159, 159, 159, 159, 159, 159, 151, 124, 97, 108, 143, 164, 163, 159, 160, 160, 160, 159, 159, 159, 159, 161, 161, 161, 161, 161, 161, 161, 161, 160, 159, 158, 158, 157, 139, 128, 145, 160, 162, 161, 160, 160, 159, 160, 160, 159, 160, 160, 161, 160, 161, 162, 162, 162, 160, 160, 160, 159, 159, 159, 159, 158, 161, 166, 166, 163, 161, 160, 160, 160, 160, 160, 159, 159, 158, 159, 159, 160, 160, 160, 160, 160, 160, 160, 160, 160, 159, 159, 158, 158
